cpse_id,local_code,raw_description,quantity_on_hand
CPSE-A,CPSE-A-BLT-1000,Hex Bolt SS 316 M10 x 50 DIN933,654
CPSE-B,CPSE-B-BLT-1001,HEX BOLT Stainless Steel 316 M10x50 DIN 933,624
CPSE-C,CPSE-C-BLT-1002,HEX BOLT M12 x 80 mm SS 304 din 931 Partial Thd,334
CPSE-B,CPSE-B-BLT-1003,HEX BOLT SS 304 M12 x 80 din 931,417
CPSE-C,CPSE-C-BLT-1004,hex bolt M16X100MM CSteel DIN 933,693
CPSE-B,CPSE-B-BLT-1005,C Steel Hex Bolt M16x100mm DIN933,346
CPSE-A,CPSE-A-BLT-1006,hex bolt M16 x 100 CS DIN 933,216
CPSE-B,CPSE-B-BLT-1007,Carriage Bolt M8X30MM SS316 ISO8677 Full Thd,705
CPSE-A,CPSE-A-BLT-1008,CARRIAGE BOLT SSteel 316 M8 x 30 iso 8677,373
CPSE-C,CPSE-C-BLT-1009,CARRIAGE BOLT M8x30mm Stainless Steel 316 ISO 8677 Full Thread,267
CPSE-B,CPSE-B-BLT-1010,ISO8677 Carriage Bolt Carbon Steel M10 x 40 Full Thd,420
CPSE-C,CPSE-C-BLT-1011,C.S. CARRIAGE BOLT M10 x 40 ISO 8677 Full Thread,692
CPSE-A,CPSE-A-BLT-1012,ISO 8677 Carriage Bolt C.S. M10 x 40 MM,660
CPSE-C,CPSE-C-BLT-1013,Stud Bolt M20 x 120 MM B7 astm a193,495
CPSE-B,CPSE-B-BLT-1014,Stud Bolt Alloy B7 M20 x 120 mm ASTM A193 FT,690
CPSE-A,CPSE-A-BLT-1015,ASTM B7 STUD BOLT M20 x 120 MM ASTMA193,602
CPSE-C,CPSE-C-BLT-1016,stud bolt M16x90 Stainless Steel 316 ASTM A193 Full Thread,295
CPSE-B,CPSE-B-BLT-1017,SS316 STUD BOLT M16 x 90 ASTM A193 Full Thread,181
CPSE-C,CPSE-C-BLT-1018,Alloy Stl HEX BOLT M24X150MM DIN 931 Partial Thread,780
CPSE-A,CPSE-A-BLT-1019,Alloy Steel hex bolt M24 x 150 mm din 931 PT,115
CPSE-B,CPSE-B-BLT-1020,Hex Bolt Alloy Steel M24x150 DIN931,774
CPSE-A,CPSE-A-BLT-1021,DIN 6921 Flange Bolt CS M12x35mm,269
CPSE-C,CPSE-C-BLT-1022,C Steel FLANGE BOLT M12 x 35 DIN 6921 Full Thread,146
CPSE-C,CPSE-C-BLT-1023,eye bolt S.S. 304 M16 x 60 mm DIN 580 FT,462
CPSE-B,CPSE-B-BLT-1024,DIN580 EYE BOLT S.S. 304 M16x60,193
CPSE-A,CPSE-A-BLT-1025,U-Bolt C.S. M10x100 IS 5570,145
CPSE-B,CPSE-B-BLT-1026,u-bolt C.S. M10 x 100 IS 5570 Full Thread,218
CPSE-C,CPSE-C-BLT-1027,u-bolt M10x100 CSteel IS 5570 Full Thread,483
CPSE-A,CPSE-A-BLT-1028,Hex Bolt SS 316 M20x70 DIN 933,648
CPSE-C,CPSE-C-BLT-1029,HEX BOLT Stainless Steel 316 M20X70MM DIN933 FT,659
CPSE-B,CPSE-B-BLT-1030,SS316 hex bolt M20 x 70 MM DIN933,642
CPSE-C,CPSE-C-BLT-1031,anchor bolt M24 x 300 MM CSteel is 5624,294
CPSE-A,CPSE-A-BLT-1032,Anchor Bolt Carbon Steel M24 x 300 mm IS5624 PT,519
CPSE-A,CPSE-A-BLT-1033,hex bolt M8x25mm SSteel 304 DIN933 Full Thread,341
CPSE-C,CPSE-C-BLT-1034,Hex Bolt SS 304 M8 x 25 mm din 933 Full Thread,733
CPSE-C,CPSE-C-BLT-1035,T-Bolt M12x50 Carbon Steel DIN 787 FT,258
CPSE-A,CPSE-A-BLT-1036,t-bolt Carbon Steel M12X50MM DIN 787 Full Thread,699
CPSE-B,CPSE-B-BLT-1037,CSteel T-BOLT M12x50mm DIN 787,702
CPSE-A,CPSE-A-VLV-1038,"gate Valve 2"" 150 Class CS Flanged",428
CPSE-B,CPSE-B-VLV-1039,gate Valve 2 IN 150 Class C Steel FLGD,365
CPSE-C,CPSE-C-VLV-1040,GATE Valve 2 inch 150 Class CS FLG,412
CPSE-C,CPSE-C-VLV-1041,"SS 316 Gate Valve 4"" 300 Class Flg",471
CPSE-A,CPSE-A-VLV-1042,gate VLV 4 inch 300# SS 316 FLG,89
CPSE-B,CPSE-B-VLV-1043,SS 316 GATE Valve 4 IN 300 CL FLGD,283
CPSE-A,CPSE-A-VLV-1044,"S.S. 316 BALL Valve 1"" 150 CL THRD",706
CPSE-C,CPSE-C-VLV-1045,"ball Valve 1"" 150# Stainless Steel 316 THREADED",317
CPSE-C,CPSE-C-VLV-1046,CS Ball Valve 2 IN 300 CL FLANGED,496
CPSE-B,CPSE-B-VLV-1047,C Steel ball Valve 2 IN 300 Class Flanged,95
CPSE-A,CPSE-A-VLV-1048,"CS CHECK Valve 3"" 150# FLG",569
CPSE-C,CPSE-C-VLV-1049,3 IN CHECK Valve CSteel 150 CL FLG,246
CPSE-B,CPSE-B-VLV-1050,"CHECK Valve 3"" 150LB CSteel FLGD",361
CPSE-A,CPSE-A-VLV-1051,1 inch CHECK Valve Stainless Steel 304 800LB Thd,724
CPSE-B,CPSE-B-VLV-1052,"1"" Check Valve S.S. 304 800# THREADED",738
CPSE-C,CPSE-C-VLV-1053,CHECK Valve 1 inch 800# SS 304 THD,300
CPSE-C,CPSE-C-VLV-1054,GLOBE VLV 2 IN 150LB C Steel FLGD,299
CPSE-A,CPSE-A-VLV-1055,2 IN Globe Valve CS 150 Class Flanged,762
CPSE-B,CPSE-B-VLV-1056,globe VLV 2 inch 150# CSteel Flanged,186
CPSE-C,CPSE-C-VLV-1057,6 IN Bfly Valve Cast Iron 150LB Wfr,536
CPSE-B,CPSE-B-VLV-1058,"6"" BUTTERFLY Valve C.I. 150LB Wafer",331
CPSE-A,CPSE-A-VLV-1059,"CI BUTTERFLY Valve 6"" 150 Class Wfr",393
CPSE-C,CPSE-C-VLV-1060,Needle Valve 1/2 inch 6000 Class SS 316 Thd,474
CPSE-A,CPSE-A-VLV-1061,NEEDLE Valve 1/2 IN 6000LB S.S. 316 THREADED,261
CPSE-B,CPSE-B-VLV-1062,"NEEDLE VLV 1/2"" 6000LB Stainless Steel 316 THREADED",56
CPSE-B,CPSE-B-VLV-1063,2 inch plug Valve C Steel 150LB FLANGED,329
CPSE-C,CPSE-C-VLV-1064,PLUG VLV 2 IN 150 CL CSteel Flanged,791
CPSE-A,CPSE-A-VLV-1065,"Plug Valve 2"" 150LB CSteel FLGD",135
CPSE-A,CPSE-A-TRAP-1066,HEX BOLT SS310 M10x50 DIN933 FULL THREAD,708
CPSE-A,CPSE-A-TRAP-1067,"HEX BOLT, STAINLESS STEEL 304, M12 x 50 mm, DIN 933",488
CPSE-B,CPSE-B-TRAP-1068,"HEX BOLT, STAINLESS STEEL 304, M12 x 50 mm, DIN 933",188
CPSE-B,CPSE-B-TRAP-1069,HEX BOLT STAINLESS STEEL 316 M10 x 50 DIN931 PARTIAL THD,236
CPSE-A,CPSE-A-TRAP-1070,HEX BOLT SS316L M10x50 DIN933 FULL THREAD,316
CPSE-B,CPSE-B-TRAP-1071,HEX BOLT SS316 M10x50 ISO4017,385
CPSE-A,CPSE-A-TRAP-1072,BOLT HEXAGONAL HEAD STAINLESS S. 316 METRIC 10 LENGTH 50MM STANDARD DIN 933,515
