canonical_id,cpse_id,local_code
BOLT-001,CPSE-A,CPSE-A-BLT-1000
BOLT-001,CPSE-B,CPSE-B-BLT-1001
BOLT-002,CPSE-C,CPSE-C-BLT-1002
BOLT-002,CPSE-B,CPSE-B-BLT-1003
BOLT-003,CPSE-C,CPSE-C-BLT-1004
BOLT-003,CPSE-B,CPSE-B-BLT-1005
BOLT-003,CPSE-A,CPSE-A-BLT-1006
BOLT-004,CPSE-B,CPSE-B-BLT-1007
BOLT-004,CPSE-A,CPSE-A-BLT-1008
BOLT-004,CPSE-C,CPSE-C-BLT-1009
BOLT-005,CPSE-B,CPSE-B-BLT-1010
BOLT-005,CPSE-C,CPSE-C-BLT-1011
BOLT-005,CPSE-A,CPSE-A-BLT-1012
BOLT-006,CPSE-C,CPSE-C-BLT-1013
BOLT-006,CPSE-B,CPSE-B-BLT-1014
BOLT-006,CPSE-A,CPSE-A-BLT-1015
BOLT-007,CPSE-C,CPSE-C-BLT-1016
BOLT-007,CPSE-B,CPSE-B-BLT-1017
BOLT-008,CPSE-C,CPSE-C-BLT-1018
BOLT-008,CPSE-A,CPSE-A-BLT-1019
BOLT-008,CPSE-B,CPSE-B-BLT-1020
BOLT-009,CPSE-A,CPSE-A-BLT-1021
BOLT-009,CPSE-C,CPSE-C-BLT-1022
BOLT-010,CPSE-C,CPSE-C-BLT-1023
BOLT-010,CPSE-B,CPSE-B-BLT-1024
BOLT-011,CPSE-A,CPSE-A-BLT-1025
BOLT-011,CPSE-B,CPSE-B-BLT-1026
BOLT-011,CPSE-C,CPSE-C-BLT-1027
BOLT-012,CPSE-A,CPSE-A-BLT-1028
BOLT-012,CPSE-C,CPSE-C-BLT-1029
BOLT-012,CPSE-B,CPSE-B-BLT-1030
BOLT-013,CPSE-C,CPSE-C-BLT-1031
BOLT-013,CPSE-A,CPSE-A-BLT-1032
BOLT-014,CPSE-A,CPSE-A-BLT-1033
BOLT-014,CPSE-C,CPSE-C-BLT-1034
BOLT-015,CPSE-C,CPSE-C-BLT-1035
BOLT-015,CPSE-A,CPSE-A-BLT-1036
BOLT-015,CPSE-B,CPSE-B-BLT-1037
VALVE-001,CPSE-A,CPSE-A-VLV-1038
VALVE-001,CPSE-B,CPSE-B-VLV-1039
VALVE-001,CPSE-C,CPSE-C-VLV-1040
VALVE-002,CPSE-C,CPSE-C-VLV-1041
VALVE-002,CPSE-A,CPSE-A-VLV-1042
VALVE-002,CPSE-B,CPSE-B-VLV-1043
VALVE-003,CPSE-A,CPSE-A-VLV-1044
VALVE-003,CPSE-C,CPSE-C-VLV-1045
VALVE-004,CPSE-C,CPSE-C-VLV-1046
VALVE-004,CPSE-B,CPSE-B-VLV-1047
VALVE-005,CPSE-A,CPSE-A-VLV-1048
VALVE-005,CPSE-C,CPSE-C-VLV-1049
VALVE-005,CPSE-B,CPSE-B-VLV-1050
VALVE-006,CPSE-A,CPSE-A-VLV-1051
VALVE-006,CPSE-B,CPSE-B-VLV-1052
VALVE-006,CPSE-C,CPSE-C-VLV-1053
VALVE-007,CPSE-C,CPSE-C-VLV-1054
VALVE-007,CPSE-A,CPSE-A-VLV-1055
VALVE-007,CPSE-B,CPSE-B-VLV-1056
VALVE-008,CPSE-C,CPSE-C-VLV-1057
VALVE-008,CPSE-B,CPSE-B-VLV-1058
VALVE-008,CPSE-A,CPSE-A-VLV-1059
VALVE-009,CPSE-C,CPSE-C-VLV-1060
VALVE-009,CPSE-A,CPSE-A-VLV-1061
VALVE-009,CPSE-B,CPSE-B-VLV-1062
VALVE-010,CPSE-B,CPSE-B-VLV-1063
VALVE-010,CPSE-C,CPSE-C-VLV-1064
VALVE-010,CPSE-A,CPSE-A-VLV-1065
TRAP-001,CPSE-A,CPSE-A-TRAP-1066
TRAP-001,CPSE-A,CPSE-A-TRAP-1067
TRAP-001B,CPSE-B,CPSE-B-TRAP-1068
TRAP-003,CPSE-B,CPSE-B-TRAP-1069
TRAP-004,CPSE-A,CPSE-A-TRAP-1070
TRAP-005,CPSE-B,CPSE-B-TRAP-1071
TRAP-006,CPSE-A,CPSE-A-TRAP-1072
