cpse_id,local_code,quantity_needed,supplier,request_date
CPSE-A,CPSE-A-BLT-1000,204,Steel Authority of India,2026-08-09
CPSE-C,CPSE-C-BLT-1004,189,Larsen & Toubro,2026-09-03
CPSE-C,CPSE-C-BLT-1009,20,Würth India,2026-07-08
CPSE-B,CPSE-B-BLT-1010,68,Würth India,2026-07-15
CPSE-C,CPSE-C-BLT-1013,68,Jindal Steel & Power,2026-08-04
CPSE-B,CPSE-B-BLT-1020,134,Bharat Heavy Electricals Ltd,2026-09-25
CPSE-A,CPSE-A-BLT-1021,71,Würth India,2026-07-12
CPSE-B,CPSE-B-BLT-1024,184,Tata Steel Ltd,2026-08-27
CPSE-B,CPSE-B-BLT-1030,100,Bossard India,2026-09-09
CPSE-B,CPSE-B-BLT-1037,135,Bharat Heavy Electricals Ltd,2026-08-15
CPSE-A,CPSE-A-VLV-1038,247,Würth India,2026-09-22
CPSE-C,CPSE-C-VLV-1040,176,Jindal Steel & Power,2026-08-07
CPSE-A,CPSE-A-VLV-1042,153,Würth India,2026-09-09
CPSE-C,CPSE-C-VLV-1045,133,RS Components India,2026-08-18
CPSE-A,CPSE-A-VLV-1051,123,RS Components India,2026-09-08
CPSE-B,CPSE-B-VLV-1052,198,Hilti India,2026-09-17
CPSE-C,CPSE-C-VLV-1053,291,Misumi India,2026-08-23
CPSE-A,CPSE-A-VLV-1055,128,Bharat Heavy Electricals Ltd,2026-09-07
CPSE-B,CPSE-B-VLV-1056,284,Jindal Steel & Power,2026-07-07
CPSE-B,CPSE-B-VLV-1058,278,Würth India,2026-08-04
CPSE-C,CPSE-C-VLV-1060,194,Jindal Steel & Power,2026-08-01
CPSE-B,CPSE-B-VLV-1062,33,Tata Steel Ltd,2026-09-10
CPSE-C,CPSE-C-VLV-1064,261,Bharat Heavy Electricals Ltd,2026-07-19
CPSE-A,CPSE-A-VLV-1065,255,Hilti India,2026-08-06
CPSE-A,CPSE-A-TRAP-1067,254,Bharat Heavy Electricals Ltd,2026-07-13
CPSE-B,CPSE-B-TRAP-1071,298,Steel Authority of India,2026-07-08
CPSE-A,CPSE-A-TRAP-1072,223,Würth India,2026-09-26
CPSE-C,CPSE-C-VLV-1041,157,Bossard India,2026-09-15
CPSE-C,CPSE-C-BLT-1018,128,Hilti India,2026-09-18
CPSE-A,CPSE-A-BLT-1019,196,Hilti India,2026-09-18
CPSE-C,CPSE-C-VLV-1046,118,Würth India,2026-09-18
CPSE-B,CPSE-B-VLV-1047,134,Steel Authority of India,2026-09-18
